<?xml version="1.0" encoding="ISO-8859-1"?>
<employee_list xmlns:xsi="http://www.w3.org/2001/XMLSchema-instance" xsi:schemaLocation="M1employeelist.xsd">
	<employee Employee_code="101">
		<Employee_Name>Preetam</Employee_Name>
		<Date_of_joining>10-Jan-2010</Date_of_joining>
		<Salary>18000</Salary>
		<Grade>A</Grade>
		<Department_code>20</Department_code>
	</employee>
	<employee Employee_code="102">
		<Employee_Name>AAkash</Employee_Name>
		<Date_of_joining>10-NOV-2005</Date_of_joining>
		<Salary>48000</Salary>
		<Grade>c</Grade>
		<Department_code>10</Department_code>
	</employee>
	<employee Employee_code="103">
		<Employee_Name>kishore</Employee_Name>
		<Date_of_joining>19-dec-2011</Date_of_joining>
		<Salary>42000</Salary>
		<Grade>C</Grade>
		<Department_code>40</Department_code>
	</employee>
	<employee Employee_code="104">
		<Employee_Name>Reena</Employee_Name>
		<Date_of_joining>23-JUN-2006</Date_of_joining>
		<Salary>33000</Salary>
		<Grade>B</Grade>
		<Department_code>20</Department_code>
	</employee>
	<employee Employee_code="105">
		<Employee_Name>Kailash</Employee_Name>
		<Date_of_joining>05-feb-2004</Date_of_joining>
		<Salary>36000</Salary>
		<Grade>C</Grade>
		<Department_code>30</Department_code>
	</employee>
</employee_list>
	